{
    "hierarchyObjectMode": 2,
    "showHierarchyToggles": true,
    "showComponentIcons": false,
    "showTreeMap": true,
    "treeMapColor": {
        "r": 0.8396226167678833,
        "g": 0.8396226167678833,
        "b": 0.8396226167678833,
        "a": 0.3921568691730499
    },
    "showSeparator": false,
    "showRowShading": false,
    "separatorColor": {
        "r": 0.1899999976158142,
        "g": 0.1899999976158142,
        "b": 0.1899999976158142,
        "a": 0.0
    },
    "evenRowColor": {
        "r": 0.0,
        "g": 0.0,
        "b": 0.0,
        "a": 0.07000000029802323
    },
    "oddRowColor": {
        "r": 0.0,
        "g": 0.0,
        "b": 0.0,
        "a": 0.0
    }
}